title,authors,description,categories,averageRating,ratingsCount,thumbnail
Das Science Fiction Jahr 2019,"Melanie Wylutzki, Hardy Kettlitz","Auf posthumanistischen Wegen – der Rundgang durch die Science Fiction 2019 ""Das Science Fiction Jahr"" ist ein Kompendium, das seit 1986 in ununterbrochener Folge erscheint – erst im Heyne Verlag unter der Schirmherrschaft von Wolfgang Jeschke, dann unter Federführer Sascha Mamczak, und seit 2015 im Golkonda Verlag, ab 2020 bei Hirnkost. Das Science Fiction Jahr 2019 blickt auf das zurück, was die Science Fiction in Buch, Film, Spiel und Allgemeinen im letzten Jahr zu bieten hatte. Ein spezieller Fokus wird in dieser Ausgabe auf der Frage ""Was ist eigentlich posthumane Science Fiction?"" liegen. In Essays, Interviews, aber auch in unseren Rückblicken wird den Leser*innen das Thema immer wieder begegnen. Buchrezensionen, eine Bibliographie der in Deutschland erschienenen SF, eine Übersicht der vergebenen Genre-Preise sowie ein Nekrolog runden das Jahrbuch ab. Mit Beiträgen von Lars Schmeink, Judith Vogt, Karlheinz Steinmüller, Wolfgang Neuhaus, Mirko Strauch u. v. m.",Fiction,,,http://books.google.com/books/content?id=mETODwAAQBAJ&printsec=frontcover&img=1&zoom=1&edge=curl&source=gbs_api
Das Science Fiction Jahr 2024,"Judith Vogt, Christian Vogt, Dietmar Dath, Lena Richter, Hans Esselborn, Simon Spiegel, Stephan Schulz, Karlheinz Steinmüller, Uwe Neuhold, Paul Trenton, Tamara Bodden, Christian Hoffmann, Wolfgang Both, Wolfgang Neuhaus, Erik Simon, Michael Wehren, Fritz Heidorn, Aiki Mira, Markus Tillmann, Kai U. Jürgens, Bernd Flessner, Thorsten Hanisch, Lisa Meinecke, Christian Endres, Dominik Irtenkauf, Peter Kempin, Gundula Sell, Alex Stoll, Ralf Lorenz, Yvonne Tunnat, Simon Weinert, Udo Klotz, Lutz Göllner, Matthias Hofmann, Johannes Hahn, Markus Mäurer, Heike Lindhold, Christian Pree","Ob ernsthafte Bedrohung oder Chance für die Menschheit – künstliche Intelligenz ist ein immer wiederkehrendes Thema in der Science Fiction, von Klassikern wie E. M. Forsters Die Maschine steht still, Asimovs Roboter-Romane über die NEUROMANCER-Reihe von William Gibson bis hin zu zeitgenössischen Werken wie Pantopia von Theresa Hannig oder Martha Wells' MURDERBOT-Reihe. Inzwischen ist KI jedoch nicht allein Thema in Romanen – KI ist jetzt: ChatGPT, Dall-E, DeepL und Midjourney etc. sind in aller Munde, Meta trainiert mit User:innen-Daten die hauseigene KI und all das beeinflusst unsere Arbeits- und Informationswelt, insbesondere die der Kunstschaffenden. Es ist nur folgerichtig, dem Thema KI einen Schwerpunkt im Science Fiction Jahr zu widmen. Gleichzeitig zeigt ein Blick auf die deutschsprachige SF neue Entwicklungen, denen sich DAS SF-JAHR genauer widmen will: Eine neue Generation von Schreibenden macht auf sich und ihre Themen aufmerksam, gibt bekannten Themen der Science Fiction neue Twists und verbindet so in ihren Texten über bekannte Grenzen hinaus neue Dramaturgien und Schreibweisen. In der 39. Ausgabe des Almanachs, den Wolfgang Jeschke 1986 ins Leben rief, dürfen außerdem nicht fehlen: der Rückblick auf die Entwicklungen in Literatur, Film, Serien, Comics und Games. Abgerundet wird das Jahrbuch durch Rezensionen sowie einen Überblick über die wichtigsten Genrepreise, Nachrufe, in denen wir besonders den Filmemacher Rainer Erler würdigen, sowie einer umfangreichen Bibliographie der Science-Fiction-Bücher, die 2023 auf Deutsch erschienen sind.",Fiction,,,http://books.google.com/books/content?id=PRElEQAAQBAJ&printsec=frontcover&img=1&zoom=1&edge=curl&source=gbs_api
Das Rätsel der Kalythar und 10 weitere Science Fiction Abenteuer,Alfred Bekker,"Dieser Band enthält folgende Geschichten: Alfred Bekker: Der Schiffsarzt ist ein Echsenmensch Alfred Bekker: Angriff auf Acan Alfred Bekker: Ferne Raumzeit Alfred Bekker: Höllenplanet Alfred Bekker: Signale aus dem nichts Alfred Bekker: Das Artefakt Alfred Bekker: Logan und die Stadt im Dschungel Alfred Bekker: Operation Delta Alfred Bekker: Raumschiff TERRA NOVA und das Erbe der Sterne Alfred Bekker: Das Geheimnis der Robos Alfred Bekker: Das Rätsel der Kalythar xx Die TERRA NOVA, ein Raumschiff mit mehr als dreißigtausend Mann Besatzung an Bord, geriet in den Einflussbereich eines Transmitters, die vor Äonen von einer technisch weit überlegenen Rasse erschaffen worden war. Das unter dem Kommando von Arn Polo stehende Schiff fand sich buchstäblich am anderen Ende des Universums wieder. Alle Zeit der Welt schien nicht auszureichen, um jemals die heimatliche Milchstraßen-Galaxis zu erreichen. Und keine der raumfahrenden Völker, auf die man bisher getroffen war, schien auch nur annähernd in der Lage zu sein, derartige Entfernungen zu überbrücken. Die Wahrheit war, dass die Besatzung der TERRA NOVA noch nicht einmal die Möglichkeit besaß, ihre Herkunftsgalaxis überhaupt zu orten. Mindestens zehn Milliarden Lichtjahre trennten die TERRA NOVA von der heimatlichen Milchstraße und der Erde.",Fiction,,,http://books.google.com/books/content?id=HgNPEQAAQBAJ&printsec=frontcover&img=1&zoom=1&edge=curl&source=gbs_api
Auf zwei Planeten (Science-Fiction Klassiker),Kurd Laßwitz,"Kurd Laßwitzs Werk 'Auf zwei Planeten' ist ein bahnbrechender Science-Fiction-Klassiker, der in einer fiktiven Zukunft spielt und die Abenteuer zweier Erdenbewohner auf den Planeten Mars und Venus beschreibt. Die detaillierten Beschreibungen der Technologie, Kultur und Gesellschaft auf den fremden Welten zeugen von Laßwitzs visionärer Vorstellungskraft und seinem Gespür für wissenschaftliche Genauigkeit. Sein literarischer Stil ist geprägt von einem Mix aus spannender Handlung und tiefgründiger thematischer Komplexität, der sowohl erfahrene Sci-Fi-Liebhaber als auch Neueinsteiger faszinieren wird.",Fiction,,,http://books.google.com/books/content?id=izjmEAAAQBAJ&printsec=frontcover&img=1&zoom=1&edge=curl&source=gbs_api
4 Science Fiction Abenteuer Sonderband 1002,"Alfred Bekker, David Wright O'Brien, Manfred Weinland, Carolina Möbis","Dieser Band enthält folgende Romane: Der Held von Najn (Manfred Weinland/Carolina Möbis) Einsatzort Roter Stern (Alfred Bekker) Im Licht des Roten Sterns (Alfred Bekker) Der schwebende Roboter (David Wright O'Brien) Das Zentrum der Kampfformation von Space Army Corps Schiffen bildete eine Einheit der Dreadnought-Klasse. Zylinderförmig war sie, wie nahezu alle im Space Army Corps, die während des ersten Qriid–Krieges verwendet wurden. Die 834 m lange Dreadnought trug den Namen TARRAGONA und stand unter dem Kommando von Commodore Ray Malmgren. 421 Gauss-Geschütze besaß die TARRAGONA an jeder ihrer vier Breitseiten oben, unten, rechts und links. Flankiert wurde sie von einigen Kreuzern, Zerstörern und Leichten Kreuzern. Zusammen bildeten sie einen kompakten Verband, der sich in der Nähe des Zwergplaneten New Hope D 334 formiert hatte. New Hope war das wichtigste System am Rande des sogenannten Niemandslandes zwischen dem von den Humanen Welten beanspruchten Territorium und dem sich ständig ausdehnenden Grenze des Heiligen Imperiums der vogelartigen Qriid. Milliarden Menschen lebten dort, insbesondere auf New Hope II und III.",Fiction,,,http://books.google.com/books/content?id=c1zZEAAAQBAJ&printsec=frontcover&img=1&zoom=1&edge=curl&source=gbs_api
1200 Seiten Weltraum-Abenteuer Mai 2022: Science Fiction Paket,Alfred Bekker,"1200 Seiten Weltraum-Abenteuer Mai 2022: Science Fiction Paket von Alfred Bekker Über diesen Band: Dieser Band enthält folgende Science Fiction Romane von Alfred Bekker: Herrscher über Galaxien (Galaxienwanderer) Commander im Sternenkrieg (Commander Reilly) Kosmischer Krisenherd (Commander Reilly) Aussichtslos (Chronik der Sternenkrieger) Schläfer (Chronik der Sternenkrieger) In Ruuneds Reich (Chronik der Sternenkrieger) Die verschwundenen Raumschiffe (Chronik der Sternenkrieger) Imperium der Erde (Chronik der Sternenkrieger Extra) Die kosmischen Läufer (Galaxienwanderer) 1200 Jahre sind vergangen, seit ein Raumschiff namens STERNENKRIEGER zu seiner ersten Mission aufbrach. Admiral Raimondo schuf aus dem Bund der Humanen Welten das IMPERIUM DER HUMANITÄT, regiert es als unsterblicher, genetisch veränderter MASTERMIND und führt einen erbarmungslosen Eroberungskrieg. Auf der anderen Seite steht eine Allianz, in der sich die Sternenreiche der K'aradan, Morrhm, Fulirr, Yroa und andere zusammengeschlossen haben, um dem aggressiven Expansionsdrang der Menschheit Einhalt zu gebieten. Es kommt zur entscheidenden Raumschlacht um die Zentralwelt des Imperiums: Die Erde! Alfred Bekker ist Autor zahlreicher Romane und Erzählungen mit einer Gesamtauflage von über 4,5 Millionen Exemplaren. Außerdem ist er Verleger und Jazz-Musiker. Alfred Bekker schreibt Fantasy, Science Fiction, Krimis, historische Romane und Bücher für junge Leser. Alfred Bekker wurde vor allem durch seine Fantasy-Romane bekannt. Als Fantasy-Autor erreichte Alfred Bekker ein großes Publikum mit seinen Romanen um DAS REICH DER ELBEN, sowie den Trilogien um die DRACHENERDE, GORIAN und DIE HALBLINGE VON ATHRANOR. Außerdem schrieb Alfred Bekker die Fantasy-Zyklen ELBENKINDER (7 Bände), DIE WILDEN ORKS (5 Bände) und ZWERGENKINDER (bislang 4 Bände). Für junge Leser erfand Alfred Bekker Buchserien wie TATORT MITTELALTER und DA VINCI's FÄLLE. Alfred Bekker schreibt außerdem regelmäßig Ostfrieslandkrimis um Kommissar Steen von der Kripo Emden. Neben seinen großen Bucherfolgen schrieb er zahlreiche Romane für Spannungsserien wie Ren Dhark, Jerry Cotton, Kommissar X, John Sinclair, Bad Earth und Jessica Bannister.",Fiction,,,http://books.google.com/books/content?id=9UnZEAAAQBAJ&printsec=frontcover&img=1&zoom=1&edge=curl&source=gbs_api
Invasion der Vogelmenschen: Zwei Science Fiction Romane,"Alfred Bekker, Luc Bahl","Dieser Band enthält folgende SF-Romane. Die Flotte der Qriid (Alfred Bekker) Verschwörung auf Qriidia (Luc Bahl) Sein Gesicht verriet mit keinem Schnabelklappern oder dem leisesten Kräuseln einer Falte, dass er etwas bemerkt hatte. Er schlich mit staksigem, vorsichtigem Gang im Schatten der hohen Mauer entlang und folgte den Geräuschen, die von der anderen Seite zu ihm drangen. Seine Hand glitt unter den Umhang, der sich im Wind aufbauschte, aber es gelang ihm nicht mehr, das, was er greifen wollte, hervorzuzerren. Das Geräusch, das ihn herumfahren ließ, stammte von einem Tau mit einem Stahlhaken, der sich gerade in einen dicken Ast krallte. Am unteren Ende hing eine Gestalt, die wie ein Dschungelheld an einer Liane auf ihn zuschoss. Er versuchte, dem Aufprall auszuweichen und warf sich zur Seite. Ein heiseres, schmerzerfülltes Krächzen quälte sich aus seiner Kehle. Die Klaue, die er eben noch unter dem Umhang hatte, hing an der Mauer fest. Der silbern schimmernde Dolch steckte bis zum Heft in der Handwurzel und war tief in eine Fuge zwischen den Steinen gedrungen ...",Fiction,,,http://books.google.com/books/content?id=XQnZEAAAQBAJ&printsec=frontcover&img=1&zoom=1&edge=curl&source=gbs_api
Desire and Domestic Fiction,Nancy Armstrong,"Desire and Domestic Fictionargues that far from being removed from historical events, novels by writers from Richardson to Woolf were themselves agents of the rise of the middle class. Drawing on texts that range from 18th-century female conduct books and contract theory to modern psychoanalytic case histories and theories of reading, Armstrong shows that the emergence of a particular form of female subjectivity capable of reigning over the household paved the way for the establishment of institutions which today are accepted centers of political power. Neither passive subjects nor embattled rebels, the middle-class women who were authors and subjects of the major tradition of British fiction were among the forgers of a new form of power that worked in, and through, their writing to replace prevailing notions of ""identity"" with a gender-determined subjectivity. She also examines the works of such novelists as Richardson, Jane Austen, and the Bront s to reveal the ways in which these authors rewrite the domestic practices and sexual relations of the past to create the historical context through which modern institutional power would seem not only natural but also humane, and therefore to be desired.",Language Arts & Disciplines,5,1,http://books.google.com/books/content?id=NYD5FSeERakC&printsec=frontcover&img=1&zoom=1&edge=curl&source=gbs_api
Horror Fiction,Gina Wisker,"This is a series of introductory books about different types of writing. One strand of the series focuses on genres such asScience Fiction, Horror, Romance, and Crime, and the other focuses on movements or styles often associated with historicaland cultural locations—Postcolonial, Native American, Scottish, Irish, American Gothic.Authors covered in this volume includeWilliam Peter Blatty, Ira Levine, BramStoker, Shirley Jackson, Angela Carter,Mary Shelley, Stephen King, Anne Rice,and Washington Irving.",Literary Criticism,,,http://books.google.com/books/content?id=yNEfpTpoNukC&printsec=frontcover&img=1&zoom=1&edge=curl&source=gbs_api
Crime Fiction,John Scaggs,"Provides a lively introduction to what is both a wide-ranging and hugely popular literary genre. Accessible and clear, this comprehensive overview is the essential guide for all those studying crime fiction.",Fiction,,,http://books.google.com/books/content?id=FHjheL8OXtUC&printsec=frontcover&img=1&zoom=1&edge=curl&source=gbs_api
The Distinction of Fiction,Dorrit Cohn,"Winner of the Aldo and Jeanne Scaglione Prize for Comparative Literary Studies from the Modern Language Association Winner of the Modern Language Association's Aldo and Jeanne Scaglione Prize for Comparative Literary Studies The border between fact and fiction has been trespassed so often it seems to be a highway. Works of history that include fictional techniques are usually held in contempt, but works of fiction that include history are among the greatest of classics. Fiction claims to be able to convey its own unique kinds of truth. But unless a reader knows in advance whether a narrative is fictional or not, judgment can be frustrated and confused. In The Distinction of Fiction, Dorrit Cohn argues that fiction does present specific clues to its fictionality, and its own justifications. Indeed, except in cases of deliberate deception, fiction achieves its purposes best by exercising generic conventions that inform the reader that it is fiction. Cohn tests her conclusions against major narrative works, including Proust's A la Recherche du temps perdu, Mann's Death in Venice, Tolstoy's War and Peace, and Freud's case studies. She contests widespread poststructuralist views that all narratives are fictional. On the contrary, she separates fiction and nonfiction as necessarily distinct, even when bound together. An expansion of Cohn's Christian Gauss lectures at Princeton and the product of many years of labor and thought, The Distinction of Fiction builds on narratological and phenomenological theories to show that boundaries between fiction and history can be firmly and systematically explored.",Literary Criticism,,,http://books.google.com/books/content?id=5Zpq0Rmm7hQC&printsec=frontcover&img=1&zoom=1&edge=curl&source=gbs_api
Science/fiction Collections,Halbert W. Hall,"Science/Fiction Collections offers different views and attitudes toward Science Fiction and Fantasy Literature and descriptions of a variety of collections. Written during a time when Science Fiction and Fantasy writings had just gained widespread popularity, it offers suggestions and considerations for approaching any special collection dealing with a relatively new field.",Fiction,,,http://books.google.com/books/content?id=uVw-SnIn8dgC&printsec=frontcover&img=1&zoom=1&edge=curl&source=gbs_api
Fan Fiction and Fan Communities in the Age of the Internet,Kristina Busse,"Fans have been responding to literary works since the days of Homer's Odyssey and Euripedes' Medea. More recently, a number of science fiction, fantasy, media, and game works have found devoted fan followings. The advent of the Internet has brought these groups from relatively limited, face-to-face enterprises to easily accessible global communities, within which fan texts proliferate and are widely read and even more widely commented upon. New interactions between readers and writers of fan texts are possible in these new virtual communities. From Star Trek to Harry Potter, the essays in this volume explore the world of fan fiction--its purposes, how it is created, how the fan experiences it. Grouped by subject matter, essays cover topics such as genre intersection, sexual relationships between characters, character construction through narrative, and the role of the beta reader in online communities. The work also discusses the terminology used by creators of fan artifacts and comments on the effects of technological advancements on fan communities. Instructors considering this book for use in a course may request an examination copy here.",Literary Criticism,,,http://books.google.com/books/content?id=UgZsi_DOKoQC&printsec=frontcover&img=1&zoom=1&edge=curl&source=gbs_api
A Geography of Victorian Gothic Fiction,Robert Mighall,"This is the first major full-length study of Victorian Gothic fiction. Combining original readings of familiar texts with a rich store of historical sources, A Geography of Victorian Gothic Fiction is an historicist survey of nineteenth-century Gothic writing--from Dickens to Stoker, Wilkie Collins to Conan Doyle, through European travelogues, sexological textbooks, ecclesiastic histories and pamphlets on the perils of self-abuse. Critics have thus far tended to concentrate on specific angles of Gothic writing (gender or race), or the belief that the Gothic 'returned' at the so-called fin de si cle. Robert Mighall, by contrast, demonstrates how the Gothic mode was active throughout the Victorian period, and provides historical explanations for its development from late eighteenth century, through the 'Urban Gothic' fictions of the mid-Victorian period, the 'Suburban Gothic' of the Sensation vogue, through to the somatic horrors of Stevenson, Machen, Stoker, and Doyle at the century's close. Mighall challenges the psychological approach to Gothic fiction which currently prevails, demonstrating the importance of geographical, historical, and discursive factors that have been largely neglected by critics, and employing a variety of original sources to demonstrate the contexts of Gothic fiction and explain its development in the Victorian period.",History,,,http://books.google.com/books/content?id=lALGYRHmqycC&printsec=frontcover&img=1&zoom=1&edge=curl&source=gbs_api
New Boundaries in Political Science Fiction,"Donald M. Hassler, Clyde Wilcox","Surveying the vast expanse of politically-charged science fiction, this book posits that the defining dilemma for these tales rests in whether identity and meaning germinate from progressive linear changes or progress, or from a continuous return to primitive realities of war, death and the competition for survival.",Fiction,,,http://books.google.com/books/content?id=-8iD6iuO-iAC&printsec=frontcover&img=1&zoom=1&edge=curl&source=gbs_api
"Discovering Fiction, An Introduction Teacher's Manual","Judith Kay, Kay Gelshenen, Karen McAlister Shimoda","Authentic North American short stories enhance students' reading skills, language learning, and enjoyment of literature. The Teacher's Manual provides tips and strategies on how to teach the different exercise types in a chapter. In addition, the authors provide interpretative commentary on the readings, helping teachers gain a literary appreciation of the text. Finally, a complete answer key is provided, including suggested answers to the critical thinking questions.",Fiction,,,http://books.google.com/books/content?id=fZhNRI3KyRMC&printsec=frontcover&img=1&zoom=1&edge=curl&source=gbs_api
The Postsouthern Sense of Place in Contemporary Fiction,Martyn Bone,"For generations, southern novelists and critics have grappled with a concept that is widely seen as a trademark of their literature: a strong attachment to geography, or a ""sense of place."" In the 1930s, the Agrarians accorded special meaning to rural life, particularly the farm, in their definitions of southern identity. For them, the South seemed an organic and rooted region in contrast to the North, where real estate development and urban sprawl evoked a faceless, raw capitalism. By the end of the twentieth century, however, economic and social forces had converged to create a modernized South. How have writers responded to this phenomenon? Is there still a sense of place in the South, or perhaps a distinctly postsouthern sense of place? Martyn Bone innovatively draws upon postmodern thinking to consider the various perspectives that southern writers have brought to the concept of ""place"" and to look at its fate in a national and global context. He begins with a revisionist assessment of the Agrarians, who failed in their attempts to turn their proprietary ideal of the small farm into actual policy but whose broader rural aesthetic lived on in the work of neo-Agrarian writers, including William Faulkner and Eudora Welty. By the 1950s, adherence to this aesthetic was causing southern writers and critics to lose sight of the social reality of a changing South. Bone turns to more recent works that do respond to the impact of capitalist spatial development on the South -- and on the nation generally -- including that self-declared ""international city"" Atlanta. Close readings of novels by Robert Penn Warren, Walker Percy, Richard Ford, Anne Rivers Siddons, Tom Wolfe, and Toni Cade Bambara illuminate evolving ideas about capital, land, labor, and class while introducing southern literary studies into wider debates around social, cultural, and literary geography. Bone concludes his remarkably rich book by considering works of Harry Crews and Barbara Kingsolver that suggest the southern sense of place may be not only post-Agrarian or postsouthern but also transnational.",Literary Criticism,,,http://books.google.com/books/content?id=6t58GSNWSnQC&printsec=frontcover&img=1&zoom=1&edge=curl&source=gbs_api
Major Trends in the Post-independence Indian English Fiction,"B. R. Agrawal, M. P. Sinha","This Book Presents A Reasonably Comprehensive Account Of The Development Of The Indian English Novel Since Independence. The Novel During The Colonial Period Has A Different Outlook And Was More Concerned With The Problems Of The Indian People Suffering Under The British Yoke. After Independence The Indian Writers Looked At The Indian Scene From The Postcolonial Point Of View. There Were New Hopes, No Doubt, But The Problems Social, Economic, Religious, Political And Familial That Were Submerged In The Flood Of The National Movement Emerged And Drew Attention Of The Creative Writers. The Partition, The Communal Riots After Partition, The Problem Of Casteism, The Subjugation Of Women, The Poverty Of The Illiterate Masses Became The Focal Points. Mulk Raj Anand, Raja Rao, R.K. Narayan, Nayantara Sahgal And Kamala Markandaya In The Beginning Wrote Novels Of Social Realism In The Fifties.But After The Sixties, New Trends Emerged. Writers Like Anita Desai, Ruth Prawer Jhabvala, Bhabani Bhattacharya, G.V. Desani, Chaman Nahal, Manohar Malgonkar And B. Rajan Portrayed The Picture Of The Post-Independence Indian Society. The Stream Of The Early Fifties Now Turned Into A Broad River With New Currents And Cross Currents. The Old Traditional Method Of Novel Writing Gave Way To Modern Techniques.The Indian English Novel Took Further Strides In The Eighties And The Decades That Followed It. Salman Rushdie Can Be Said To Be The Leader Of The New Trend. Shashi Deshpande And Arundhati Roy Followed Suit.This Book Divided Into Six Chapters Surveys And Discusses The Major Trends In The Post- Independence Indian English Novel. The Major Writers Discussed Apart From The Trio, R.K. Narayan, Raja Rao And Mulk Raj Anand Are Bhabani Bhattacharya, Nayantara Sahgal, Ruth Prawer Jhabvala, Anita Desai, Arundhati Roy And Kamala Markandaya.This Book Will Be Of Immense Help To The Students Of Indian English Fiction And The General Reader.",Indic fiction (English),,,http://books.google.com/books/content?id=WmKYoVsTxroC&printsec=frontcover&img=1&zoom=1&edge=curl&source=gbs_api
Impossibility Fiction,"Derek Littlewood, Peter Stockwell","Impossibility fiction is an 'intergenre' that has recently been the resort of many writers searching for new ways of understanding and expressing the real world of the imagination, making use of fantasy, alternative history and science fiction. Coping with ideas that are both impossible and realistically constructed is the ultimate contemporary challenge of our technology. The chapters of this book move towards establishing appropriate readings that allow contemporary readers to negotiate unreality, a skill that the end of the millennium is making inevitably necessary. Such strategies have long been the preserve of literary and cultural study, and here a number of well-regarded scholars and some new to the field make their contribution to an area that has become increasingly important in recent years. From Mary Shelley to Philip K. Dick, Iain M. Banks to J.G. Ballard, taking in African-American science fiction, Jurassic Park, and Kurt Vonnegut, and exploring issues of alternative history and ideology, feminism, the holocaust, characterisation, and impossible geography, this collection is an important source-book for all those interested in the literature, culture and philosophy of realistic impossible worlds.",History,,,http://books.google.com/books/content?id=NznwlEC5jVQC&printsec=frontcover&img=1&zoom=1&edge=curl&source=gbs_api
The Columbia Guide to Contemporary African American Fiction,Darryl Dickson-Carr,"From Ishmael Reed and Toni Morrison to Colson Whitehead and Terry McMillan, Darryl Dickson-Carr offers a definitive guide to contemporary African American literature. This volume-the only reference work devoted exclusively to African American fiction of the last thirty-five years-presents a wealth of factual and interpretive information about the major authors, texts, movements, and ideas that have shaped contemporary African American fiction. In more than 160 concise entries, arranged alphabetically, Dickson-Carr discusses the careers, works, and critical receptions of Alice Walker, Gloria Naylor, Jamaica Kincaid, Charles Johnson, John Edgar Wideman, Leon Forrest, as well as other prominent and lesser-known authors. Each entry presents ways of reading the author's works, identifies key themes and influences, assesses the writer's overarching significance, and includes sources for further research. Dickson-Carr addresses the influence of a variety of literary movements, critical theories, and publishers of African American work. Topics discussed include the Black Arts Movement, African American postmodernism, feminism, and the influence of hip-hop, the blues, and jazz on African American novelists. In tracing these developments, Dickson-Carr examines the multitude of ways authors have portrayed the diverse experiences of African Americans. The Columbia Guide to Contemporary African American Fiction situates African American fiction in the social, political, and cultural contexts of post-Civil Rights era America: the drug epidemics of the 1980s and 1990s and the concomitant ""war on drugs,"" the legacy of the Civil Rights Movement, the struggle for gay rights, feminism, the rise of HIV/AIDS, and racism's continuing effects on African American communities. Dickson-Carr also discusses the debates and controversies regarding the role of literature in African American life. The volume concludes with an extensive annotated bibliography of African American fiction and criticism.",Literary Collections,,,http://books.google.com/books/content?id=XG--8X3YDs4C&printsec=frontcover&img=1&zoom=1&edge=curl&source=gbs_api
Science Fiction and Philosophy,Susan Schneider,"A timely volume that uses science fiction as a springboard to meaningful philosophical discussions, especially at points of contact between science fiction and new scientific developments. Raises questions and examines timely themes concerning the nature of the mind, time travel, artificial intelligence, neural enhancement, free will, the nature of persons, transhumanism, virtual reality, and neuroethics Draws on a broad range of books, films and television series, including The Matrix, Star Trek, Blade Runner, Frankenstein, Brave New World, The Time Machine, and Back to the Future Considers the classic philosophical puzzles that appeal to the general reader, while also exploring new topics of interest to the more seasoned academic",Philosophy,4,2,http://books.google.com/books/content?id=NXmv0zXZBi4C&printsec=frontcover&img=1&zoom=1&edge=curl&source=gbs_api
The History of the Science-fiction Magazine,"Michael Ashley, Mike Ashley","This is the first of three volumes that chart the history of the science fiction magazine from the earliest days to the present. This first volume looks at the exuberant years of the pulp magazines. It traces the growth and development of the science fiction magazines from when Hugo Gernsback launched the very first, Amazing Stories, in 1926 through to the birth of the atomic age and the death of the pulps in the early 1950s. These were the days of the youth of science fiction, when it was brash, raw and exciting: the days of the first great space operas by Edward Elmer Smith and Edmond Hamilton, through the cosmic thought variants by Murray Leinster, Jack Williamson and others to the early 1940s when John W. Campbell at Astounding did his best to nurture the infant genre into adulthood. Under him such major names as Robert A. Heinlein, Isaac Asimov, A. E. van Vogt and Theodore Sturgeon emerged who, along with other such new talents as Ray Bradbury and Arthur C. Clarke, helped create modern science fiction. For over forty years magazines were at the heart of science fiction and this book considers how the magazines, and their publishers, editors and authors influenced the growth and perception of this fascinating genre.",Literary Criticism,5,1,http://books.google.com/books/content?id=BjI4-qex0JgC&printsec=frontcover&img=1&zoom=1&edge=curl&source=gbs_api
"Outing; sport, adventure, travel, fiction",,,Sports,,,http://books.google.com/books/content?id=JDEDAAAAYAAJ&printsec=frontcover&img=1&zoom=1&edge=curl&source=gbs_api
"Twentieth-century Poetry, Fiction, Theory","Harry Raphael Garvin, John D. Kirkland","The issues addressed in this volume include the limits of language and the need for linguistic form, the significance of creating.",Literary Criticism,,,http://books.google.com/books/content?id=dlvpA43l68YC&printsec=frontcover&img=1&zoom=1&edge=curl&source=gbs_api
John Fowles's Fiction and the Poetics of Postmodernism,Mahmoud Salami,"Salami presents, for instance, a critique of the self-conscious narrative of the diary form in The Collector, the intertextual relations of the multiplicity of voices, the problems of subjectivity, the reader's position, the politics of seduction, ideology, and history in The Magus and The French Lieutenant's Woman. The book also analyzes the ways in which Fowles uses and abuses the short-story genre, in which enigmas remain enigmatic and the author disappears to leave the characters free to construct their own texts. Salami centers, for example, on A Maggot, which embodies the postmodernist technique of dialogical narrative, the problem of narrativization of history, and the explicitly political critique of both past and present in terms of social and religious dissent. These political questions are also echoed in Fowles's nonfictional book The Aristos, in which he strongly rejects the totalization of narratives and the materialization of society.",Language Arts & Disciplines,,,http://books.google.com/books/content?id=EquizXeXb3kC&printsec=frontcover&img=1&zoom=1&edge=curl&source=gbs_api
A Century of French Fiction,Benjamin Willis Wells,Discusses 19th century French novelists and their influential works.,French fiction,,,http://books.google.com/books/content?id=Z3BDAAAAYAAJ&printsec=frontcover&img=1&zoom=1&edge=curl&source=gbs_api
"Peoria Public Library List of English Fiction, French Fiction, and Juveniles","Peoria Public Library (Peoria, Ill.)","A catalog of juvenile and fiction books held by the Peoria Public Library, in one alphabetical listing.",Children's literature,,,http://books.google.com/books/content?id=kvtCAQAAMAAJ&printsec=frontcover&img=1&zoom=1&edge=curl&source=gbs_api
A Library of Famous Fiction,,,English fiction,,,http://books.google.com/books/content?id=37FYAAAAMAAJ&printsec=frontcover&img=1&zoom=1&edge=curl&source=gbs_api
'Truth is Stranger Than Fiction',Isaac W. Ambler,,United States,,,http://books.google.com/books/content?id=M71GAQAAMAAJ&printsec=frontcover&img=1&zoom=1&edge=curl&source=gbs_api
"The hero of the desert; or, Facts more wonderful than fiction. [With cancel title-leaf, reading] Moses, the hero of the desert",James Spong,,,,,http://books.google.com/books/content?id=ZKQCAAAAQAAJ&printsec=frontcover&img=1&zoom=1&edge=curl&source=gbs_api
Author and Title List of Fiction and Children's Stories,"Nahant Public Library, Nahant, Mass",,Fiction,,,http://books.google.com/books/content?id=FGJCAAAAYAAJ&printsec=frontcover&img=1&zoom=1&edge=curl&source=gbs_api
The Art of Fiction,Walter Besant,,Fiction,,,http://books.google.com/books/content?id=QkRMAAAAMAAJ&printsec=frontcover&img=1&zoom=1&edge=curl&source=gbs_api
The Reality - Fiction Opposition in Children's Literature,Adrian Zagler,"Bachelor Thesis from the year 2010 in the subject English Language and Literature Studies - Literature, grade: 1, University of Graz, language: English, abstract: Since the 1970s, scholarly interest in children's literature has grown, and numerous studies looking into the complexity and thematic and structural depth of the texts have been published. Simultaneously, the notion of metareferentiality has sparked interest among scholars from various disciplines. Metareferentiality, though not unique to the twentieth and the twenty-first centuries, is said to be one of the key cultural phenomena of our time. And yet, these two fields of interest, namely children's literature and metareferentiality, have only very rarely been studied in the same context. Metareferential elements in children's books are often seen as phenomena of dream worlds. Thus, they allow a traditional, non-critical reading in which the metareferential elements do not necessarily trigger medial awareness in the readers but can be explained logically and within the framework of the represented story worlds. Consequently, the epistemological status of reality would not be threatened by these texts. However, as this paper aims to prove, such a reading (for instance) of the Alice-stories, Die Unendliche Geschichte and The Book of Lost Things, although undeniably possible, falls short of the true scope of the texts. As will be shown, all four books address the question of the status of fiction with reference to its opposition to reality, albeit in different ways. In their treatment of the subject, they are clearly metafictional texts with epistemological and ontological concerns that require experienced readers to fully grasp their messages. Nevertheless, they are still publicly perceived as children's literature and are enjoyed by children and adults alike. After some general remarks on the genre of children's literature and on metareferentiality, this paper focuses on a particular form of metarefere",Language Arts & Disciplines,,,http://books.google.com/books/content?id=HlWTGIGF-28C&printsec=frontcover&img=1&zoom=1&edge=curl&source=gbs_api
"Science Fiction Analysis: Philip K. Dick's ""Do Androids Dream of Electric Sheep?""",Michael Kratky,"Seminar paper from the year 2006 in the subject American Studies - Literature, grade: 1,00, Catholic University Eichstätt-Ingolstadt (Sprach- und Literaturwissenschaftliche Fakultät), course: Novel and Film, 10 entries in the bibliography, language: English, abstract: ""Do Androids Dream of Electric Sheep?"" is one out of at least six novels by Philip K. Dick that deal substantially with the questions surrounding androids. It is exactly the distortion between the real as the jumping-off point cited above and the hypothetical, unreal, fictional which creates a critical comment on the world the present reader lives in. The special focus on humanlike androids in ""Do Androids Dream of Electric Sheep"" implies a particular philosophical issue. Of course, the somewhat murky, obscure and intransparent depiction of androids involves the problem of man-machine relationships, which can to a certain extend be equated with human-android relationships. But Dick goes a step further, pointing out the differences as well as the parallels between both the android and the human being, using ambiguous descriptions and playing with the reader's sympathy for both sides. One could even argue that Dick tried to create a kind of meeting halfway between man and android. Certainly, Dick himself faces difficulties when trying to define the android as ""a thing somehow generated to deceive us in a cruel way, to cause us to think it to be one of ourselves."" This description meets exactly to core of our analysis, which deals with the impact and the effects created by this somewhat ambiguous representation of human and android life.",Biography & Autobiography,,,http://books.google.com/books/content?id=TOPDLotW6oAC&printsec=frontcover&img=1&zoom=1&edge=curl&source=gbs_api
"Outing; Sport, Adventure, Travel, Fiction",,,,,,http://books.google.com/books/content?id=u5dAAQAAMAAJ&printsec=frontcover&img=1&zoom=1&source=gbs_api
"Love and Sexuality in Dystopian Fiction. An Analysis of ""Brave New World"" and ""Nineteen Eighty-Four""",Lena Gräf,"Seminar paper from the year 2015 in the subject English Language and Literature Studies - Literature, grade: 2,3, , language: English, abstract: This term paper is supposed to deal with how love and sex are depicted in “Brave New World” and “1984”, and if there are any similarities between them. Furthermore we will take a brief look at differences and similarities to love and sex in our society. What is the attitude towards marriage these days? And what is the role of love in all of that? After this we will then hopefully be able to identify what love and sex in dystopian fiction means. Ever since Thomas More’s “Utopia” love and sex have been a part of dystopian novels. In Thomas More’s times his depictions were ground breaking. Women were not allowed to marry until they were 18. In the past this was highly unusual, since most women married at the age of around 14. Furthermore divorce is forbidden, which, at this point, mirrors the time More lived in. This clearly influenced all the following writers of dystopian novels. They imagine a world that is negatively silhouetted against their own world. And since love is a big part of every society it is also a big part in every dystopian society. When looking for “the most famous dystopian novels” on Google, two that are immediately suggested are ""Brave New World"" by Aldous Huxley and ""1984"" by George Orwell. Both have one thing in common: their rather negative and, for us, rather unusual attitude towards love, relationships and sex.",Literary Criticism,,,http://books.google.com/books/content?id=32ySDAAAQBAJ&printsec=frontcover&img=1&zoom=1&edge=curl&source=gbs_api
History of Prose Fiction,John Colin Dunlop,,Fiction,,,http://books.google.com/books/content?id=RTZMAAAAMAAJ&printsec=frontcover&img=1&zoom=1&edge=curl&source=gbs_api
"Character Sketches of Romance, Fiction and the Drama",Ebenezer Cobham Brewer,,Allusions,,,http://books.google.com/books/content?id=Y0Dt-3UvqO8C&printsec=frontcover&img=1&zoom=1&edge=curl&source=gbs_api
The Jew in English Fiction,David Philipson,,English fiction,,,http://books.google.com/books/content?id=xwFaAAAAMAAJ&printsec=frontcover&img=1&zoom=1&edge=curl&source=gbs_api
"British Modernist Fiction, 1920 to 1945",Harold Bloom,"Collects essays on the fiction of the principal British novelists from the period between the two world wars, with discussions on such authors as James Joyce, D. H. Lawrence, Virginia Woolf, Wyndham Lewis, and Evelyn Waugh. Bibliog.",Literary Criticism,,,http://books.google.com/books/content?id=-ihaAAAAMAAJ&printsec=frontcover&img=1&zoom=1&source=gbs_api
